{"f": 642.74446, "x": [0.10028847533601028, 0.8115471295053232, 0.026009077044725923, 7219.025648168511, 2.9350431505014307, 0.049215056963481905, 0.00011026963373147828, 383.0316652068957, 1750.8565753331234, 0.05085931578651339, 3.364285096106452, 0.5664934932515018, 7.490115599723829, 0.7715882956131286, 2.13180346563429, 45.98540429542478, 0.1350242774593947, 1.1650870599405063, 0.6871729866586396, 5.961711956546037, 0.3849587409310818, 74740.43401768291, 0.0006626630440471179, 2.5215624280668018e-05, 0.6461457040480787, 29854.322456892394, 0.011876595138349037, 414.40740948670106, 0.0024879684263205454, 0.014152433882270748, 0.13959486810293995, 0.001460712263112933, 0.07805739912357477, 0.002851044320061577, 12.09552222204153, 193.72481728645974]}