{"f": 162.0, "x": [14598.898283310426,155.68799362146854,17415.976721530562,0.0058420281068367079,10.475581475626804,0.40138137096926063,2154.4954157466641,17871.266731282674,157.73621492527636,84.204847936692673,830.147774215502,0.13089966074937998,0.96676343561395073,0.167214856237584,9.2199957017599523,36.880000182977774,0.0065073444391808687]
}