{
  "low": [13120.444955784562,255.81610343408047,28346.892688965861,0.00582369367421798,193.29237233846757,4.1016806099678496,2206.8793963409903,21198.95893746016,163.95782738270623,81.845372754486519,812.87827996148951,0.12963232970223329,0.95756356989470681,0.15418506763360004,8.8103482572609639,36.88,0.0091472381922112732],
  "high": [14556.322610160645,101.86931165803607,12282.548655051793,0.0065114873159675514,10.454343547254727,0.52133092461243891,2319.1718695082,17584.96668903199,155.0526432680025,84.180990472145027,839.90434754438115,0.12842877197877606,0.96594631703177081,0.15618947637521979,9.22,46.1,0.0065140272137135559]

}
